[
  {
    "model": "auth.permission",
    "pk": 1,
    "fields": {
      "name": "Can add log entry",
      "content_type": 1,
      "codename": "add_logentry"
    }
  },
  {
    "model": "auth.permission",
    "pk": 2,
    "fields": {
      "name": "Can change log entry",
      "content_type": 1,
      "codename": "change_logentry"
    }
  },
  {
    "model": "auth.permission",
    "pk": 3,
    "fields": {
      "name": "Can delete log entry",
      "content_type": 1,
      "codename": "delete_logentry"
    }
  },
  {
    "model": "auth.permission",
    "pk": 4,
    "fields": {
      "name": "Can add permission",
      "content_type": 2,
      "codename": "add_permission"
    }
  },
  {
    "model": "auth.permission",
    "pk": 5,
    "fields": {
      "name": "Can change permission",
      "content_type": 2,
      "codename": "change_permission"
    }
  },
  {
    "model": "auth.permission",
    "pk": 6,
    "fields": {
      "name": "Can delete permission",
      "content_type": 2,
      "codename": "delete_permission"
    }
  },
  {
    "model": "auth.permission",
    "pk": 7,
    "fields": {
      "name": "Can add group",
      "content_type": 3,
      "codename": "add_group"
    }
  },
  {
    "model": "auth.permission",
    "pk": 8,
    "fields": {
      "name": "Can change group",
      "content_type": 3,
      "codename": "change_group"
    }
  },
  {
    "model": "auth.permission",
    "pk": 9,
    "fields": {
      "name": "Can delete group",
      "content_type": 3,
      "codename": "delete_group"
    }
  },
  {
    "model": "auth.permission",
    "pk": 10,
    "fields": {
      "name": "Can add user",
      "content_type": 4,
      "codename": "add_user"
    }
  },
  {
    "model": "auth.permission",
    "pk": 11,
    "fields": {
      "name": "Can change user",
      "content_type": 4,
      "codename": "change_user"
    }
  },
  {
    "model": "auth.permission",
    "pk": 12,
    "fields": {
      "name": "Can delete user",
      "content_type": 4,
      "codename": "delete_user"
    }
  },
  {
    "model": "auth.permission",
    "pk": 13,
    "fields": {
      "name": "Can add content type",
      "content_type": 5,
      "codename": "add_contenttype"
    }
  },
  {
    "model": "auth.permission",
    "pk": 14,
    "fields": {
      "name": "Can change content type",
      "content_type": 5,
      "codename": "change_contenttype"
    }
  },
  {
    "model": "auth.permission",
    "pk": 15,
    "fields": {
      "name": "Can delete content type",
      "content_type": 5,
      "codename": "delete_contenttype"
    }
  },
  {
    "model": "auth.permission",
    "pk": 16,
    "fields": {
      "name": "Can add session",
      "content_type": 6,
      "codename": "add_session"
    }
  },
  {
    "model": "auth.permission",
    "pk": 17,
    "fields": {
      "name": "Can change session",
      "content_type": 6,
      "codename": "change_session"
    }
  },
  {
    "model": "auth.permission",
    "pk": 18,
    "fields": {
      "name": "Can delete session",
      "content_type": 6,
      "codename": "delete_session"
    }
  },
  {
    "model": "auth.permission",
    "pk": 19,
    "fields": {
      "name": "Can add room",
      "content_type": 7,
      "codename": "add_room"
    }
  },
  {
    "model": "auth.permission",
    "pk": 20,
    "fields": {
      "name": "Can change room",
      "content_type": 7,
      "codename": "change_room"
    }
  },
  {
    "model": "auth.permission",
    "pk": 21,
    "fields": {
      "name": "Can delete room",
      "content_type": 7,
      "codename": "delete_room"
    }
  },
  {
    "model": "auth.permission",
    "pk": 22,
    "fields": {
      "name": "Can add profile",
      "content_type": 8,
      "codename": "add_profile"
    }
  },
  {
    "model": "auth.permission",
    "pk": 23,
    "fields": {
      "name": "Can change profile",
      "content_type": 8,
      "codename": "change_profile"
    }
  },
  {
    "model": "auth.permission",
    "pk": 24,
    "fields": {
      "name": "Can delete profile",
      "content_type": 8,
      "codename": "delete_profile"
    }
  },
  {
    "model": "auth.permission",
    "pk": 25,
    "fields": {
      "name": "Can add credit card",
      "content_type": 9,
      "codename": "add_creditcard"
    }
  },
  {
    "model": "auth.permission",
    "pk": 26,
    "fields": {
      "name": "Can change credit card",
      "content_type": 9,
      "codename": "change_creditcard"
    }
  },
  {
    "model": "auth.permission",
    "pk": 27,
    "fields": {
      "name": "Can delete credit card",
      "content_type": 9,
      "codename": "delete_creditcard"
    }
  },
  {
    "model": "auth.permission",
    "pk": 28,
    "fields": {
      "name": "Can add payment",
      "content_type": 10,
      "codename": "add_payment"
    }
  },
  {
    "model": "auth.permission",
    "pk": 29,
    "fields": {
      "name": "Can change payment",
      "content_type": 10,
      "codename": "change_payment"
    }
  },
  {
    "model": "auth.permission",
    "pk": 30,
    "fields": {
      "name": "Can delete payment",
      "content_type": 10,
      "codename": "delete_payment"
    }
  },
  {
    "model": "auth.permission",
    "pk": 31,
    "fields": {
      "name": "Can add flat",
      "content_type": 11,
      "codename": "add_flat"
    }
  },
  {
    "model": "auth.permission",
    "pk": 32,
    "fields": {
      "name": "Can change flat",
      "content_type": 11,
      "codename": "change_flat"
    }
  },
  {
    "model": "auth.permission",
    "pk": 33,
    "fields": {
      "name": "Can delete flat",
      "content_type": 11,
      "codename": "delete_flat"
    }
  },
  {
    "model": "auth.permission",
    "pk": 34,
    "fields": {
      "name": "Can add contract",
      "content_type": 12,
      "codename": "add_contract"
    }
  },
  {
    "model": "auth.permission",
    "pk": 35,
    "fields": {
      "name": "Can change contract",
      "content_type": 12,
      "codename": "change_contract"
    }
  },
  {
    "model": "auth.permission",
    "pk": 36,
    "fields": {
      "name": "Can delete contract",
      "content_type": 12,
      "codename": "delete_contract"
    }
  },
  {
    "model": "auth.permission",
    "pk": 37,
    "fields": {
      "name": "Can add review",
      "content_type": 13,
      "codename": "add_review"
    }
  },
  {
    "model": "auth.permission",
    "pk": 38,
    "fields": {
      "name": "Can change review",
      "content_type": 13,
      "codename": "change_review"
    }
  },
  {
    "model": "auth.permission",
    "pk": 39,
    "fields": {
      "name": "Can delete review",
      "content_type": 13,
      "codename": "delete_review"
    }
  },
  {
    "model": "auth.permission",
    "pk": 40,
    "fields": {
      "name": "Can add user review",
      "content_type": 14,
      "codename": "add_userreview"
    }
  },
  {
    "model": "auth.permission",
    "pk": 41,
    "fields": {
      "name": "Can change user review",
      "content_type": 14,
      "codename": "change_userreview"
    }
  },
  {
    "model": "auth.permission",
    "pk": 42,
    "fields": {
      "name": "Can delete user review",
      "content_type": 14,
      "codename": "delete_userreview"
    }
  },
  {
    "model": "auth.permission",
    "pk": 43,
    "fields": {
      "name": "Can add room review",
      "content_type": 15,
      "codename": "add_roomreview"
    }
  },
  {
    "model": "auth.permission",
    "pk": 44,
    "fields": {
      "name": "Can change room review",
      "content_type": 15,
      "codename": "change_roomreview"
    }
  },
  {
    "model": "auth.permission",
    "pk": 45,
    "fields": {
      "name": "Can delete room review",
      "content_type": 15,
      "codename": "delete_roomreview"
    }
  },
  {
    "model": "auth.permission",
    "pk": 46,
    "fields": {
      "name": "Can add flat review",
      "content_type": 16,
      "codename": "add_flatreview"
    }
  },
  {
    "model": "auth.permission",
    "pk": 47,
    "fields": {
      "name": "Can change flat review",
      "content_type": 16,
      "codename": "change_flatreview"
    }
  },
  {
    "model": "auth.permission",
    "pk": 48,
    "fields": {
      "name": "Can delete flat review",
      "content_type": 16,
      "codename": "delete_flatreview"
    }
  },
  {
    "model": "auth.user",
    "pk": 1,
    "fields": {
      "password": "pbkdf2_sha256$100000$1MsgmXkj9oBp$LiC1iFTpyI1lingyDtzzC6D7j76FA9CalSerK+dzBik=",
      "last_login": "2018-03-15T20:34:32.866Z",
      "is_superuser": false,
      "username": "damserfer",
      "first_name": "Damian",
      "last_name": "Fernandez",
      "email": "damian@gmail.com",
      "is_staff": false,
      "is_active": true,
      "date_joined": "2018-03-15T20:34:32.866Z",
      "groups": [

      ],
      "user_permissions": [

      ]
    }
  },
  {
    "model": "auth.user",
    "pk": 2,
    "fields": {
      "password": "pbkdf2_sha256$100000$iBjFHX8mm0xm$YHYe4M2cQqs9hzoyX+LaQzAVtkdyOhEEeftposiprXw=",
      "last_login": "2018-03-15T20:34:32.950Z",
      "is_superuser": false,
      "username": "carfergon",
      "first_name": "Carlos",
      "last_name": "Fernandez",
      "email": "carlos@gmail.com",
      "is_staff": false,
      "is_active": true,
      "date_joined": "2018-03-15T20:34:32.950Z",
      "groups": [

      ],
      "user_permissions": [

      ]
    }
  },
  {
    "model": "auth.user",
    "pk": 3,
    "fields": {
      "password": "pbkdf2_sha256$100000$mT5VZJrrOE1f$KwVJdYIud87Qfv\/hH8c3hPFKsX5GAoFsfQi4Nt6FJic=",
      "last_login": "2018-03-15T20:34:33.018Z",
      "is_superuser": false,
      "username": "tansalalv",
      "first_name": "Tania",
      "last_name": "Salguero",
      "email": "tania@gmail.com",
      "is_staff": false,
      "is_active": true,
      "date_joined": "2018-03-15T20:34:33.018Z",
      "groups": [

      ],
      "user_permissions": [

      ]
    }
  },
  {
    "model": "auth.user",
    "pk": 4,
    "fields": {
      "password": "pbkdf2_sha256$100000$9vnknc2JJBby$Mxs3unQaEskhLVTcMqP3RTn1KcpcEnea5CoFyk8iNlY=",
      "last_login": "2018-03-15T20:34:33.085Z",
      "is_superuser": false,
      "username": "alevazrod",
      "first_name": "Alejandro",
      "last_name": "Vazquez",
      "email": "alejandro@gmail.com",
      "is_staff": false,
      "is_active": true,
      "date_joined": "2018-03-15T20:34:33.086Z",
      "groups": [

      ],
      "user_permissions": [

      ]
    }
  },
  {
    "model": "auth.user",
    "pk": 5,
    "fields": {
      "password": "pbkdf2_sha256$100000$fbNnLlwJrRZ8$HYUDrz49oPZ3FBhZ1aJ6fK1SpZ8AYMrqkufBMnATLtw=",
      "last_login": "2018-03-15T20:34:33.153Z",
      "is_superuser": false,
      "username": "javferfer",
      "first_name": "Javier",
      "last_name": "Fernandez",
      "email": "javier@gmail.com",
      "is_staff": false,
      "is_active": true,
      "date_joined": "2018-03-15T20:34:33.153Z",
      "groups": [

      ],
      "user_permissions": [

      ]
    }
  },
  {
    "model": "auth.user",
    "pk": 6,
    "fields": {
      "password": "pbkdf2_sha256$100000$T4NVFTutZasb$2vbPcJu8Ap6GNOZ9oim1ppfT+XlJtsHmNgiGwRKe1C0=",
      "last_login": "2018-03-15T20:34:33.221Z",
      "is_superuser": false,
      "username": "pedserlun",
      "first_name": "Pedro",
      "last_name": "Serrano",
      "email": "pedro@gmail.com",
      "is_staff": false,
      "is_active": true,
      "date_joined": "2018-03-15T20:34:33.221Z",
      "groups": [

      ],
      "user_permissions": [

      ]
    }
  }
  ,{
    "model": "RoomBnB.creditcard",
    "pk": 1,
    "fields": {
      "owner": "1",
      "code": "12345677",
      "cvv": "123"
    }
  },
  {
    "model": "RoomBnB.creditcard",
    "pk": 2,
    "fields": {
      "owner": "2",
      "code": "12345678",
      "cvv": "124"
    }
  },
  {
    "model": "RoomBnB.creditcard",
    "pk": 3,
    "fields": {
      "owner": "3",
      "code": "12345679",
      "cvv": "125"
    }
  },
  {
    "model": "RoomBnB.creditcard",
    "pk": 4,
    "fields": {
      "owner": "4",
      "code": "12345680",
      "cvv": "126"
    }
  },
  {
    "model": "RoomBnB.creditcard",
    "pk": 5,
    "fields": {
      "owner": "5",
      "code": "12345680",
      "cvv": "126"
    }
  },
  {
    "model": "RoomBnB.creditcard",
    "pk": 6,
    "fields": {
      "owner": "6",
      "code": "12345680",
      "cvv": "126"
    }
  },
  {
    "model": "RoomBnB.profile",
    "pk": 1,
    "fields": {
      "user": 1,
      "avatar": "imagen",
      "credit_card": 1
    }
  },
  {
    "model": "RoomBnB.profile",
    "pk": 2,
    "fields": {
      "user": 2,
      "avatar": "imagen",
      "credit_card": 2
    }
  },
  {
    "model": "RoomBnB.profile",
    "pk": 3,
    "fields": {
      "user": 3,
      "avatar": "imagen",
      "credit_card": 3
    }
  },
  {
    "model": "RoomBnB.profile",
    "pk": 4,
    "fields": {
      "user": 4,
      "avatar": "imagen",
      "credit_card": 4
    }
  },
  {
    "model": "RoomBnB.profile",
    "pk": 5,
    "fields": {
      "user": 5,
      "avatar": "imagen",
      "credit_card": 5
    }
  },
  {
    "model": "RoomBnB.profile",
    "pk": 6,
    "fields": {
      "user": 6,
      "avatar": "imagen",
      "credit_card": 6
    }
  },
  {
    "model": "RoomBnB.flat",
    "pk": 1,
    "fields": {
      "description": "Piso en Bami",
      "pictures": "img",
      "owner": 1
    }
  },
  {
    "model": "RoomBnB.flat",
    "pk": 2,
    "fields": {
      "description": "Piso en Bermejales",
      "pictures": "img",
      "owner": 2
    }
  },
  {
    "model": "RoomBnB.room",
    "pk": 1,
    "fields": {
      "description": "Habitacion luminosa",
      "price": 200,
      "pictures": "img",
      "temporal_owner": 3,
      "belong_to": 1
    }
  },
  {
    "model": "RoomBnB.room",
    "pk": 2,
    "fields": {
      "description": "Habitacion con balcon",
      "price": 200,
      "pictures": "img",
      "temporal_owner": 4,
      "belong_to": 1
    }
  },
  {
    "model": "RoomBnB.room",
    "pk": 3,
    "fields": {
      "description": "Habitacion grande",
      "price": 200,
      "pictures": "img",
      "temporal_owner": 5,
      "belong_to": 2
    }
  },
  {
    "model": "RoomBnB.room",
    "pk": 4,
    "fields": {
      "description": "Habitacion peque\u00f1a",
      "price": 200,
      "pictures": "img",
      "temporal_owner": 6,
      "belong_to": 2
    }
  },
  {
    "model": "RoomBnB.contract",
    "pk": 1,
    "fields": {
      "picture": "img",
      "date_signed": "2018-03-15",
      "landlord": 1,
      "tenant": 3,
      "room": 1
    }
  },
  {
    "model": "RoomBnB.contract",
    "pk": 2,
    "fields": {
      "picture": "img",
      "date_signed": "2018-03-15",
      "landlord": 1,
      "tenant": 4,
      "room": 2
    }
  },
  {
    "model": "RoomBnB.contract",
    "pk": 3,
    "fields": {
      "picture": "img",
      "date_signed": "2018-03-15",
      "landlord": 2,
      "tenant": 5,
      "room": 3
    }
  },
  {
    "model": "RoomBnB.contract",
    "pk": 4,
    "fields": {
      "picture": "img",
      "date_signed": "2018-03-15",
      "landlord": 2,
      "tenant": 6,
      "room": 4
    }
  },
  {
    "model": "RoomBnB.payment",
    "pk": 1,
    "fields": {
      "amount": 200,
      "date": "2018-03-15",
      "credit_card": 3,
      "contract": 1
    }
  },
  {
    "model": "RoomBnB.payment",
    "pk": 2,
    "fields": {
      "amount": 200,
      "date": "2018-03-15",
      "credit_card": 4,
      "contract": 2
    }
  },
  {
    "model": "RoomBnB.payment",
    "pk": 3,
    "fields": {
      "amount": 200,
      "date": "2018-03-15",
      "credit_card": 5,
      "contract": 3
    }
  },
  {
    "model": "RoomBnB.payment",
    "pk": 4,
    "fields": {
      "amount": 200,
      "date": "2018-03-15",
      "credit_card": 6,
      "contract": 4
    }
  },
  {
    "model": "RoomBnB.review",
    "pk": 1,
    "fields": {
      "title": "Review",
      "description": "Review general",
      "date": "2018-03-15",
      "rating": "1"
    }
  },
  {
    "model": "RoomBnB.review",
    "pk": 2,
    "fields": {
      "title": "Review",
      "description": "Review general",
      "date": "2018-03-15",
      "rating": "2"
    }
  },
  {
    "model": "RoomBnB.review",
    "pk": 3,
    "fields": {
      "title": "",
      "description": "",
      "date": "2018-03-15",
      "rating": ""
    }
  },
  {
    "model": "RoomBnB.review",
    "pk": 4,
    "fields": {
      "title": "",
      "description": "",
      "date": "2018-03-15",
      "rating": ""
    }
  },
  {
    "model": "RoomBnB.review",
    "pk": 5,
    "fields": {
      "title": "",
      "description": "",
      "date": "2018-03-15",
      "rating": ""
    }
  },
  {
    "model": "RoomBnB.review",
    "pk": 6,
    "fields": {
      "title": "",
      "description": "",
      "date": "2018-03-15",
      "rating": ""
    }
  },
  {
    "model": "RoomBnB.review",
    "pk": 7,
    "fields": {
      "title": "",
      "description": "",
      "date": "2018-03-15",
      "rating": ""
    }
  },
  {
    "model": "RoomBnB.review",
    "pk": 8,
    "fields": {
      "title": "",
      "description": "",
      "date": "2018-03-15",
      "rating": ""
    }
  },
  {
    "model": "RoomBnB.review",
    "pk": 9,
    "fields": {
      "title": "",
      "description": "",
      "date": "2018-03-15",
      "rating": ""
    }
  },
  {
    "model": "RoomBnB.review",
    "pk": 10,
    "fields": {
      "title": "",
      "description": "",
      "date": "2018-03-15",
      "rating": ""
    }
  },
  {
    "model": "RoomBnB.review",
    "pk": 11,
    "fields": {
      "title": "",
      "description": "",
      "date": "2018-03-15",
      "rating": ""
    }
  },
  {
    "model": "RoomBnB.review",
    "pk": 12,
    "fields": {
      "title": "",
      "description": "",
      "date": "2018-03-15",
      "rating": ""
    }
  },
  {
    "model": "RoomBnB.userreview",
    "pk": 3,
    "fields": {
      "user": 3
    }
  },
  {
    "model": "RoomBnB.userreview",
    "pk": 4,
    "fields": {
      "user": 4
    }
  },
  {
    "model": "RoomBnB.userreview",
    "pk": 5,
    "fields": {
      "user": 5
    }
  },
  {
    "model": "RoomBnB.userreview",
    "pk": 6,
    "fields": {
      "user": 6
    }
  },
  {
    "model": "RoomBnB.flatreview",
    "pk": 7,
    "fields": {
      "flat": 1
    }
  },
  {
    "model": "RoomBnB.flatreview",
    "pk": 8,
    "fields": {
      "flat": 2
    }
  },
  {
    "model": "RoomBnB.roomreview",
    "pk": 9,
    "fields": {
      "room": 1
    }
  },
  {
    "model": "RoomBnB.roomreview",
    "pk": 10,
    "fields": {
      "room": 2
    }
  },
  {
    "model": "RoomBnB.roomreview",
    "pk": 11,
    "fields": {
      "room": 3
    }
  },
  {
    "model": "RoomBnB.roomreview",
    "pk": 12,
    "fields": {
      "room": 4
    }
  }
]
